URL,Title
Jobs,Jobs
https://news-and-books.com/jobs/2025-01-05-jobs-at-pacificlight-power
https://news-and-books.com/jobs/2025-01-05-singapore-jobs-at-servicenow
Singapore,Singapore
https://news-and-books.com/sg/trade-wars-and-paycheques-singapores-challenges-in-a-protectionist-world
https://news-and-books.com/sg/manpower-costs-resilience-and-economic-growth-insights-from-singapores-2024-business-survey
https://news-and-books.com/sg/flooded-streets-rising-risks-singapores-call-to-action-on-climate-resilience,"Flooded Streets, Rising Risks: Singapore's Call to Action on Climate Resilience"
https://news-and-books.com/sg/from-trade-wars-to-market-volatility-what-lies-ahead-for-singapore-in-2025,From Trade Wars to Market Volatility: What Lies Ahead for Singapore in 2025
https://news-and-books.com/sg/beyond-desks-how-flexi-work-is-transforming-blue-collar-jobs,Beyond Desks: How Flexi-Work is Transforming Blue-Collar Jobs
https://news-and-books.com/business/from-singapore-to-johor-exploring-the-economic-potential-of-the-sez,From Singapore to Johor: Exploring the Economic Potential of the SEZ
Health,Health
https://news-and-books.com/health/tracking-health-the-future-of-smartwatches-in-personalised-care
Finance,Finance
https://news-and-books.com/finance/smart-travel-planning-budget-holidays-without-breaking-the-bank
Business,Business
https://news-and-books.com/business/the-ai-frontier-inside-servicenows-rise-to-global-enterprise-dominance
https://news-and-books.com/business/from-lofty-ambitions-to-new-realities-sensetimes-post-chatgpt-era-in-singapore
https://news-and-books.com/tech/pacificlights-s1-billion-hydrogen-ready-plant-pioneering-singapores-low-carbon-energy-future
Economy,Economy
https://news-and-books.com/economy/2025-the-crossroads-of-us-influence-in-asias-dynamic-landscape
https://news-and-books.com/economy/the-carter-rule-why-crisis-spurs-change-in-rich-democracies
Technology,Technology
https://news-and-books.com/tech/quantum-leap-how-china-is-closing-the-gap-on-u-s-tech-leadership,Quantum Leap: How China Is Closing the Gap on U.S. Tech Leadership
https://news-and-books.com/tech/tech-turmoil-ai-politics-and-the-future-of-2025,"Tech Turmoil: AI, Politics, and the Future of 2025"

